code,date,value,description
TETCEUS,197301,454.3,Total Energy CO2 Emissions
TETCEUS,197302,415.351,Total Energy CO2 Emissions
TETCEUS,197303,407.758,Total Energy CO2 Emissions
TETCEUS,197304,368.216,Total Energy CO2 Emissions
TETCEUS,197305,376.081,Total Energy CO2 Emissions
TETCEUS,197306,360.003,Total Energy CO2 Emissions
TETCEUS,197307,369.621,Total Energy CO2 Emissions
TETCEUS,197308,385.367,Total Energy CO2 Emissions
TETCEUS,197309,361.381,Total Energy CO2 Emissions
TETCEUS,197310,385.358,Total Energy CO2 Emissions
TETCEUS,197311,408.678,Total Energy CO2 Emissions
TETCEUS,197312,429.85,Total Energy CO2 Emissions
TETCEUS,197401,429.333,Total Energy CO2 Emissions
TETCEUS,197402,390.817,Total Energy CO2 Emissions
TETCEUS,197403,392.583,Total Energy CO2 Emissions
TETCEUS,197404,361.058,Total Energy CO2 Emissions
TETCEUS,197405,360.141,Total Energy CO2 Emissions
TETCEUS,197406,346.917,Total Energy CO2 Emissions
TETCEUS,197407,367.535,Total Energy CO2 Emissions
TETCEUS,197408,370.01,Total Energy CO2 Emissions
TETCEUS,197409,350.019,Total Energy CO2 Emissions
TETCEUS,197410,381.702,Total Energy CO2 Emissions
TETCEUS,197411,386.01,Total Energy CO2 Emissions
TETCEUS,197412,425.096,Total Energy CO2 Emissions
TETCEUS,197501,438.815,Total Energy CO2 Emissions
TETCEUS,197502,384.012,Total Energy CO2 Emissions
TETCEUS,197503,393.682,Total Energy CO2 Emissions
TETCEUS,197504,357.751,Total Energy CO2 Emissions
TETCEUS,197505,336.103,Total Energy CO2 Emissions
TETCEUS,197506,333.135,Total Energy CO2 Emissions
TETCEUS,197507,346.624,Total Energy CO2 Emissions
TETCEUS,197508,352.972,Total Energy CO2 Emissions
TETCEUS,197509,336.634,Total Energy CO2 Emissions
TETCEUS,197510,360.343,Total Energy CO2 Emissions
TETCEUS,197511,357.903,Total Energy CO2 Emissions
TETCEUS,197512,428.469,Total Energy CO2 Emissions
TETCEUS,197601,452.36,Total Energy CO2 Emissions
TETCEUS,197602,394.326,Total Energy CO2 Emissions
TETCEUS,197603,395.728,Total Energy CO2 Emissions
TETCEUS,197604,364.25,Total Energy CO2 Emissions
TETCEUS,197605,356.882,Total Energy CO2 Emissions
TETCEUS,197606,357.523,Total Energy CO2 Emissions
TETCEUS,197607,369.286,Total Energy CO2 Emissions
TETCEUS,197608,366.882,Total Energy CO2 Emissions
TETCEUS,197609,353.777,Total Energy CO2 Emissions
TETCEUS,197610,384.073,Total Energy CO2 Emissions
TETCEUS,197611,420.048,Total Energy CO2 Emissions
TETCEUS,197612,478.997,Total Energy CO2 Emissions
TETCEUS,197701,489.281,Total Energy CO2 Emissions
TETCEUS,197702,418.962,Total Energy CO2 Emissions
TETCEUS,197703,408.037,Total Energy CO2 Emissions
TETCEUS,197704,370.016,Total Energy CO2 Emissions
TETCEUS,197705,370.18,Total Energy CO2 Emissions
TETCEUS,197706,376.614,Total Energy CO2 Emissions
TETCEUS,197707,387.507,Total Energy CO2 Emissions
TETCEUS,197708,391.264,Total Energy CO2 Emissions
TETCEUS,197709,377.076,Total Energy CO2 Emissions
TETCEUS,197710,387.758,Total Energy CO2 Emissions
TETCEUS,197711,399.75,Total Energy CO2 Emissions
TETCEUS,197712,459.1,Total Energy CO2 Emissions
TETCEUS,197801,469.889,Total Energy CO2 Emissions
TETCEUS,197802,430.785,Total Energy CO2 Emissions
TETCEUS,197803,422.829,Total Energy CO2 Emissions
TETCEUS,197804,376.735,Total Energy CO2 Emissions
TETCEUS,197805,385.561,Total Energy CO2 Emissions
TETCEUS,197806,374.702,Total Energy CO2 Emissions
TETCEUS,197807,386.289,Total Energy CO2 Emissions
TETCEUS,197808,399.505,Total Energy CO2 Emissions
TETCEUS,197809,374.175,Total Energy CO2 Emissions
TETCEUS,197810,392.82,Total Energy CO2 Emissions
TETCEUS,197811,410.161,Total Energy CO2 Emissions
TETCEUS,197812,460.433,Total Energy CO2 Emissions
TETCEUS,197901,494.631,Total Energy CO2 Emissions
TETCEUS,197902,454.449,Total Energy CO2 Emissions
TETCEUS,197903,435.992,Total Energy CO2 Emissions
TETCEUS,197904,382.909,Total Energy CO2 Emissions
TETCEUS,197905,387.539,Total Energy CO2 Emissions
TETCEUS,197906,377.983,Total Energy CO2 Emissions
TETCEUS,197907,385.36,Total Energy CO2 Emissions
TETCEUS,197908,398.041,Total Energy CO2 Emissions
TETCEUS,197909,370.379,Total Energy CO2 Emissions
TETCEUS,197910,399.546,Total Energy CO2 Emissions
TETCEUS,197911,407.952,Total Energy CO2 Emissions
TETCEUS,197912,451.859,Total Energy CO2 Emissions
TETCEUS,198001,463.558,Total Energy CO2 Emissions
TETCEUS,198002,438.026,Total Energy CO2 Emissions
TETCEUS,198003,427.419,Total Energy CO2 Emissions
TETCEUS,198004,373.297,Total Energy CO2 Emissions
TETCEUS,198005,360.645,Total Energy CO2 Emissions
TETCEUS,198006,354.753,Total Energy CO2 Emissions
TETCEUS,198007,375.787,Total Energy CO2 Emissions
TETCEUS,198008,371.068,Total Energy CO2 Emissions
TETCEUS,198009,362.674,Total Energy CO2 Emissions
TETCEUS,198010,381.419,Total Energy CO2 Emissions
TETCEUS,198011,390.894,Total Energy CO2 Emissions
TETCEUS,198012,450.698,Total Energy CO2 Emissions
TETCEUS,198101,469.631,Total Energy CO2 Emissions
TETCEUS,198102,396.236,Total Energy CO2 Emissions
TETCEUS,198103,400.991,Total Energy CO2 Emissions
TETCEUS,198104,355.66,Total Energy CO2 Emissions
TETCEUS,198105,356.561,Total Energy CO2 Emissions
TETCEUS,198106,362.375,Total Energy CO2 Emissions
TETCEUS,198107,379.607,Total Energy CO2 Emissions
TETCEUS,198108,371.801,Total Energy CO2 Emissions
TETCEUS,198109,355.292,Total Energy CO2 Emissions
TETCEUS,198110,374.974,Total Energy CO2 Emissions
TETCEUS,198111,373.278,Total Energy CO2 Emissions
TETCEUS,198112,430.673,Total Energy CO2 Emissions
TETCEUS,198201,452.335,Total Energy CO2 Emissions
TETCEUS,198202,393.393,Total Energy CO2 Emissions
TETCEUS,198203,392.341,Total Energy CO2 Emissions
TETCEUS,198204,363.164,Total Energy CO2 Emissions
TETCEUS,198205,336.478,Total Energy CO2 Emissions
TETCEUS,198206,331.981,Total Energy CO2 Emissions
TETCEUS,198207,350.681,Total Energy CO2 Emissions
TETCEUS,198208,352.034,Total Energy CO2 Emissions
TETCEUS,198209,333.115,Total Energy CO2 Emissions
TETCEUS,198210,342.869,Total Energy CO2 Emissions
TETCEUS,198211,358.37,Total Energy CO2 Emissions
TETCEUS,198212,387.409,Total Energy CO2 Emissions
TETCEUS,198301,410.061,Total Energy CO2 Emissions
TETCEUS,198302,359.094,Total Energy CO2 Emissions
TETCEUS,198303,381.061,Total Energy CO2 Emissions
TETCEUS,198304,346.779,Total Energy CO2 Emissions
TETCEUS,198305,335.843,Total Energy CO2 Emissions
TETCEUS,198306,336.826,Total Energy CO2 Emissions
TETCEUS,198307,360.1,Total Energy CO2 Emissions
TETCEUS,198308,373.936,Total Energy CO2 Emissions
TETCEUS,198309,345.412,Total Energy CO2 Emissions
TETCEUS,198310,345.006,Total Energy CO2 Emissions
TETCEUS,198311,358.676,Total Energy CO2 Emissions
TETCEUS,198312,417.861,Total Energy CO2 Emissions
TETCEUS,198401,460.836,Total Energy CO2 Emissions
TETCEUS,198402,393.426,Total Energy CO2 Emissions
TETCEUS,198403,410.207,Total Energy CO2 Emissions
TETCEUS,198404,372.786,Total Energy CO2 Emissions
TETCEUS,198405,364.6,Total Energy CO2 Emissions
TETCEUS,198406,361.265,Total Energy CO2 Emissions
TETCEUS,198407,369.774,Total Energy CO2 Emissions
TETCEUS,198408,382.484,Total Energy CO2 Emissions
TETCEUS,198409,346.208,Total Energy CO2 Emissions
TETCEUS,198410,361.737,Total Energy CO2 Emissions
TETCEUS,198411,371.845,Total Energy CO2 Emissions
TETCEUS,198412,400.991,Total Energy CO2 Emissions
TETCEUS,198501,443.387,Total Energy CO2 Emissions
TETCEUS,198502,410.151,Total Energy CO2 Emissions
TETCEUS,198503,393.249,Total Energy CO2 Emissions
TETCEUS,198504,366.593,Total Energy CO2 Emissions
TETCEUS,198505,360.092,Total Energy CO2 Emissions
TETCEUS,198506,352.165,Total Energy CO2 Emissions
TETCEUS,198507,372.698,Total Energy CO2 Emissions
TETCEUS,198508,378.958,Total Energy CO2 Emissions
TETCEUS,198509,344.226,Total Energy CO2 Emissions
TETCEUS,198510,362.802,Total Energy CO2 Emissions
TETCEUS,198511,365.208,Total Energy CO2 Emissions
TETCEUS,198512,437.55,Total Energy CO2 Emissions
TETCEUS,198601,448.17,Total Energy CO2 Emissions
TETCEUS,198602,398.487,Total Energy CO2 Emissions
TETCEUS,198603,405.681,Total Energy CO2 Emissions
TETCEUS,198604,362.609,Total Energy CO2 Emissions
TETCEUS,198605,362.177,Total Energy CO2 Emissions
TETCEUS,198606,362.344,Total Energy CO2 Emissions
TETCEUS,198607,386.008,Total Energy CO2 Emissions
TETCEUS,198608,375.686,Total Energy CO2 Emissions
TETCEUS,198609,347.502,Total Energy CO2 Emissions
TETCEUS,198610,360.215,Total Energy CO2 Emissions
TETCEUS,198611,366.94,Total Energy CO2 Emissions
TETCEUS,198612,422.5,Total Energy CO2 Emissions
TETCEUS,198701,446.847,Total Energy CO2 Emissions
TETCEUS,198702,401.368,Total Energy CO2 Emissions
TETCEUS,198703,401.955,Total Energy CO2 Emissions
TETCEUS,198704,377.183,Total Energy CO2 Emissions
TETCEUS,198705,370.686,Total Energy CO2 Emissions
TETCEUS,198706,380.184,Total Energy CO2 Emissions
TETCEUS,198707,404.381,Total Energy CO2 Emissions
TETCEUS,198708,397.36,Total Energy CO2 Emissions
TETCEUS,198709,367.931,Total Energy CO2 Emissions
TETCEUS,198710,384.402,Total Energy CO2 Emissions
TETCEUS,198711,383.458,Total Energy CO2 Emissions
TETCEUS,198712,440.705,Total Energy CO2 Emissions
TETCEUS,198801,471.297,Total Energy CO2 Emissions
TETCEUS,198802,440.391,Total Energy CO2 Emissions
TETCEUS,198803,437.328,Total Energy CO2 Emissions
TETCEUS,198804,385.707,Total Energy CO2 Emissions
TETCEUS,198805,379.32,Total Energy CO2 Emissions
TETCEUS,198806,391.111,Total Energy CO2 Emissions
TETCEUS,198807,408.016,Total Energy CO2 Emissions
TETCEUS,198808,424.726,Total Energy CO2 Emissions
TETCEUS,198809,378.697,Total Energy CO2 Emissions
TETCEUS,198810,398.133,Total Energy CO2 Emissions
TETCEUS,198811,406.039,Total Energy CO2 Emissions
TETCEUS,198812,459.931,Total Energy CO2 Emissions
TETCEUS,198901,459.557,Total Energy CO2 Emissions
TETCEUS,198902,438.53,Total Energy CO2 Emissions
TETCEUS,198903,453.059,Total Energy CO2 Emissions
TETCEUS,198904,399.107,Total Energy CO2 Emissions
TETCEUS,198905,394.009,Total Energy CO2 Emissions
TETCEUS,198906,399.007,Total Energy CO2 Emissions
TETCEUS,198907,406.49,Total Energy CO2 Emissions
TETCEUS,198908,416.044,Total Energy CO2 Emissions
TETCEUS,198909,385.199,Total Energy CO2 Emissions
TETCEUS,198910,403.326,Total Energy CO2 Emissions
TETCEUS,198911,414.28,Total Energy CO2 Emissions
TETCEUS,198912,499.302,Total Energy CO2 Emissions
TETCEUS,199001,464.897,Total Energy CO2 Emissions
TETCEUS,199002,414.403,Total Energy CO2 Emissions
TETCEUS,199003,433.556,Total Energy CO2 Emissions
TETCEUS,199004,403.915,Total Energy CO2 Emissions
TETCEUS,199005,401.193,Total Energy CO2 Emissions
TETCEUS,199006,405.172,Total Energy CO2 Emissions
TETCEUS,199007,419.669,Total Energy CO2 Emissions
TETCEUS,199008,434.838,Total Energy CO2 Emissions
TETCEUS,199009,395.482,Total Energy CO2 Emissions
TETCEUS,199010,410.16,Total Energy CO2 Emissions
TETCEUS,199011,405.707,Total Energy CO2 Emissions
TETCEUS,199012,450.912,Total Energy CO2 Emissions
TETCEUS,199101,476.813,Total Energy CO2 Emissions
TETCEUS,199102,405.748,Total Energy CO2 Emissions
TETCEUS,199103,421.929,Total Energy CO2 Emissions
TETCEUS,199104,387.789,Total Energy CO2 Emissions
TETCEUS,199105,392.247,Total Energy CO2 Emissions
TETCEUS,199106,394.023,Total Energy CO2 Emissions
TETCEUS,199107,418.57,Total Energy CO2 Emissions
TETCEUS,199108,420.826,Total Energy CO2 Emissions
TETCEUS,199109,392.217,Total Energy CO2 Emissions
TETCEUS,199110,408.563,Total Energy CO2 Emissions
TETCEUS,199111,420.271,Total Energy CO2 Emissions
TETCEUS,199112,455.611,Total Energy CO2 Emissions
TETCEUS,199201,471.386,Total Energy CO2 Emissions
TETCEUS,199202,427.866,Total Energy CO2 Emissions
TETCEUS,199203,441.794,Total Energy CO2 Emissions
TETCEUS,199204,410.642,Total Energy CO2 Emissions
TETCEUS,199205,400.353,Total Energy CO2 Emissions
TETCEUS,199206,395.591,Total Energy CO2 Emissions
TETCEUS,199207,428.422,Total Energy CO2 Emissions
TETCEUS,199208,416.075,Total Energy CO2 Emissions
TETCEUS,199209,397.712,Total Energy CO2 Emissions
TETCEUS,199210,411.801,Total Energy CO2 Emissions
TETCEUS,199211,418.033,Total Energy CO2 Emissions
TETCEUS,199212,475.263,Total Energy CO2 Emissions
TETCEUS,199301,462.061,Total Energy CO2 Emissions
TETCEUS,199302,439.134,Total Energy CO2 Emissions
TETCEUS,199303,465.081,Total Energy CO2 Emissions
TETCEUS,199304,408.383,Total Energy CO2 Emissions
TETCEUS,199305,390.209,Total Energy CO2 Emissions
TETCEUS,199306,405.045,Total Energy CO2 Emissions
TETCEUS,199307,437.737,Total Energy CO2 Emissions
TETCEUS,199308,438.225,Total Energy CO2 Emissions
TETCEUS,199309,406.562,Total Energy CO2 Emissions
TETCEUS,199310,417.691,Total Energy CO2 Emissions
TETCEUS,199311,434.71,Total Energy CO2 Emissions
TETCEUS,199312,480.913,Total Energy CO2 Emissions
TETCEUS,199401,509.587,Total Energy CO2 Emissions
TETCEUS,199402,461.161,Total Energy CO2 Emissions
TETCEUS,199403,453.021,Total Energy CO2 Emissions
TETCEUS,199404,413.701,Total Energy CO2 Emissions
TETCEUS,199405,408.551,Total Energy CO2 Emissions
TETCEUS,199406,428.059,Total Energy CO2 Emissions
TETCEUS,199407,435.317,Total Energy CO2 Emissions
TETCEUS,199408,442.663,Total Energy CO2 Emissions
TETCEUS,199409,406.193,Total Energy CO2 Emissions
TETCEUS,199410,417.568,Total Energy CO2 Emissions
TETCEUS,199411,417.696,Total Energy CO2 Emissions
TETCEUS,199412,470.037,Total Energy CO2 Emissions
TETCEUS,199501,480.657,Total Energy CO2 Emissions
TETCEUS,199502,447.543,Total Energy CO2 Emissions
TETCEUS,199503,454.032,Total Energy CO2 Emissions
TETCEUS,199504,412.553,Total Energy CO2 Emissions
TETCEUS,199505,415.516,Total Energy CO2 Emissions
TETCEUS,199506,422.119,Total Energy CO2 Emissions
TETCEUS,199507,445.058,Total Energy CO2 Emissions
TETCEUS,199508,465.773,Total Energy CO2 Emissions
TETCEUS,199509,419.764,Total Energy CO2 Emissions
TETCEUS,199510,421.151,Total Energy CO2 Emissions
TETCEUS,199511,444.477,Total Energy CO2 Emissions
TETCEUS,199512,494.563,Total Energy CO2 Emissions
TETCEUS,199601,513.941,Total Energy CO2 Emissions
TETCEUS,199602,476.105,Total Energy CO2 Emissions
TETCEUS,199603,477.145,Total Energy CO2 Emissions
TETCEUS,199604,430.081,Total Energy CO2 Emissions
TETCEUS,199605,432.961,Total Energy CO2 Emissions
TETCEUS,199606,433.643,Total Energy CO2 Emissions
TETCEUS,199607,454.741,Total Energy CO2 Emissions
TETCEUS,199608,461.767,Total Energy CO2 Emissions
TETCEUS,199609,421.368,Total Energy CO2 Emissions
TETCEUS,199610,450.856,Total Energy CO2 Emissions
TETCEUS,199611,462.335,Total Energy CO2 Emissions
TETCEUS,199612,497.172,Total Energy CO2 Emissions
TETCEUS,199701,519.674,Total Energy CO2 Emissions
TETCEUS,199702,456.442,Total Energy CO2 Emissions
TETCEUS,199703,468.024,Total Energy CO2 Emissions
TETCEUS,199704,442.41,Total Energy CO2 Emissions
TETCEUS,199705,436.897,Total Energy CO2 Emissions
TETCEUS,199706,438.827,Total Energy CO2 Emissions
TETCEUS,199707,479.085,Total Energy CO2 Emissions
TETCEUS,199708,466.343,Total Energy CO2 Emissions
TETCEUS,199709,440.166,Total Energy CO2 Emissions
TETCEUS,199710,457.985,Total Energy CO2 Emissions
TETCEUS,199711,462.359,Total Energy CO2 Emissions
TETCEUS,199712,514.659,Total Energy CO2 Emissions
TETCEUS,199801,508.45,Total Energy CO2 Emissions
TETCEUS,199802,451.377,Total Energy CO2 Emissions
TETCEUS,199803,481.29,Total Energy CO2 Emissions
TETCEUS,199804,445.375,Total Energy CO2 Emissions
TETCEUS,199805,447.115,Total Energy CO2 Emissions
TETCEUS,199806,460.796,Total Energy CO2 Emissions
TETCEUS,199807,492.625,Total Energy CO2 Emissions
TETCEUS,199808,491.965,Total Energy CO2 Emissions
TETCEUS,199809,454.081,Total Energy CO2 Emissions
TETCEUS,199810,451.499,Total Energy CO2 Emissions
TETCEUS,199811,445.639,Total Energy CO2 Emissions
TETCEUS,199812,501.189,Total Energy CO2 Emissions
TETCEUS,199901,524.294,Total Energy CO2 Emissions
TETCEUS,199902,458.793,Total Energy CO2 Emissions
TETCEUS,199903,493.685,Total Energy CO2 Emissions
TETCEUS,199904,453.359,Total Energy CO2 Emissions
TETCEUS,199905,446.877,Total Energy CO2 Emissions
TETCEUS,199906,457.608,Total Energy CO2 Emissions
TETCEUS,199907,494.313,Total Energy CO2 Emissions
TETCEUS,199908,494.352,Total Energy CO2 Emissions
TETCEUS,199909,448.93,Total Energy CO2 Emissions
TETCEUS,199910,459.907,Total Energy CO2 Emissions
TETCEUS,199911,449.297,Total Energy CO2 Emissions
TETCEUS,199912,511.556,Total Energy CO2 Emissions
TETCEUS,200001,530.171,Total Energy CO2 Emissions
TETCEUS,200002,496.136,Total Energy CO2 Emissions
TETCEUS,200003,487.026,Total Energy CO2 Emissions
TETCEUS,200004,446.868,Total Energy CO2 Emissions
TETCEUS,200005,470.073,Total Energy CO2 Emissions
TETCEUS,200006,473.651,Total Energy CO2 Emissions
TETCEUS,200007,487.849,Total Energy CO2 Emissions
TETCEUS,200008,510.221,Total Energy CO2 Emissions
TETCEUS,200009,462.73,Total Energy CO2 Emissions
TETCEUS,200010,469.45,Total Energy CO2 Emissions
TETCEUS,200011,476.709,Total Energy CO2 Emissions
TETCEUS,200012,555.668,Total Energy CO2 Emissions
TETCEUS,200101,554.872,Total Energy CO2 Emissions
TETCEUS,200102,484.1,Total Energy CO2 Emissions
TETCEUS,200103,508.37,Total Energy CO2 Emissions
TETCEUS,200104,457.43,Total Energy CO2 Emissions
TETCEUS,200105,458.937,Total Energy CO2 Emissions
TETCEUS,200106,456.981,Total Energy CO2 Emissions
TETCEUS,200107,492.277,Total Energy CO2 Emissions
TETCEUS,200108,501.56,Total Energy CO2 Emissions
TETCEUS,200109,444.077,Total Energy CO2 Emissions
TETCEUS,200110,461.413,Total Energy CO2 Emissions
TETCEUS,200111,450.751,Total Energy CO2 Emissions
TETCEUS,200112,493.92,Total Energy CO2 Emissions
TETCEUS,200201,520.354,Total Energy CO2 Emissions
TETCEUS,200202,464.02,Total Energy CO2 Emissions
TETCEUS,200203,497.044,Total Energy CO2 Emissions
TETCEUS,200204,459.302,Total Energy CO2 Emissions
TETCEUS,200205,460.211,Total Energy CO2 Emissions
TETCEUS,200206,466,Total Energy CO2 Emissions
TETCEUS,200207,501.638,Total Energy CO2 Emissions
TETCEUS,200208,499.504,Total Energy CO2 Emissions
TETCEUS,200209,460.705,Total Energy CO2 Emissions
TETCEUS,200210,470.323,Total Energy CO2 Emissions
TETCEUS,200211,481.133,Total Energy CO2 Emissions
TETCEUS,200212,529.008,Total Energy CO2 Emissions
TETCEUS,200301,552.616,Total Energy CO2 Emissions
TETCEUS,200302,504.412,Total Energy CO2 Emissions
TETCEUS,200303,501.912,Total Energy CO2 Emissions
TETCEUS,200304,456.166,Total Energy CO2 Emissions
TETCEUS,200305,452.425,Total Energy CO2 Emissions
TETCEUS,200306,455.339,Total Energy CO2 Emissions
TETCEUS,200307,495.127,Total Energy CO2 Emissions
TETCEUS,200308,505.042,Total Energy CO2 Emissions
TETCEUS,200309,457.636,Total Energy CO2 Emissions
TETCEUS,200310,470.665,Total Energy CO2 Emissions
TETCEUS,200311,472.983,Total Energy CO2 Emissions
TETCEUS,200312,535.564,Total Energy CO2 Emissions
TETCEUS,200401,559.581,Total Energy CO2 Emissions
TETCEUS,200402,520.771,Total Energy CO2 Emissions
TETCEUS,200403,502.756,Total Energy CO2 Emissions
TETCEUS,200404,463.983,Total Energy CO2 Emissions
TETCEUS,200405,476.639,Total Energy CO2 Emissions
TETCEUS,200406,475.341,Total Energy CO2 Emissions
TETCEUS,200407,502.371,Total Energy CO2 Emissions
TETCEUS,200408,499.247,Total Energy CO2 Emissions
TETCEUS,200409,467.992,Total Energy CO2 Emissions
TETCEUS,200410,476.932,Total Energy CO2 Emissions
TETCEUS,200411,485.72,Total Energy CO2 Emissions
TETCEUS,200412,547.477,Total Energy CO2 Emissions
TETCEUS,200501,552.86,Total Energy CO2 Emissions
TETCEUS,200502,494.174,Total Energy CO2 Emissions
TETCEUS,200503,522.039,Total Energy CO2 Emissions
TETCEUS,200504,460.947,Total Energy CO2 Emissions
TETCEUS,200505,470.937,Total Energy CO2 Emissions
TETCEUS,200506,486.825,Total Energy CO2 Emissions
TETCEUS,200507,513.228,Total Energy CO2 Emissions
TETCEUS,200508,520.924,Total Energy CO2 Emissions
TETCEUS,200509,472.861,Total Energy CO2 Emissions
TETCEUS,200510,473.63,Total Energy CO2 Emissions
TETCEUS,200511,477.942,Total Energy CO2 Emissions
TETCEUS,200512,552.785,Total Energy CO2 Emissions
TETCEUS,200601,520.776,Total Energy CO2 Emissions
TETCEUS,200602,485.966,Total Energy CO2 Emissions
TETCEUS,200603,511.07,Total Energy CO2 Emissions
TETCEUS,200604,453.45,Total Energy CO2 Emissions
TETCEUS,200605,467.273,Total Energy CO2 Emissions
TETCEUS,200606,480.185,Total Energy CO2 Emissions
TETCEUS,200607,513.89,Total Energy CO2 Emissions
TETCEUS,200608,523.21,Total Energy CO2 Emissions
TETCEUS,200609,465.681,Total Energy CO2 Emissions
TETCEUS,200610,485.31,Total Energy CO2 Emissions
TETCEUS,200611,479.581,Total Energy CO2 Emissions
TETCEUS,200612,527.357,Total Energy CO2 Emissions
TETCEUS,200701,542.459,Total Energy CO2 Emissions
TETCEUS,200702,520.838,Total Energy CO2 Emissions
TETCEUS,200703,507.043,Total Energy CO2 Emissions
TETCEUS,200704,468.848,Total Energy CO2 Emissions
TETCEUS,200705,473.654,Total Energy CO2 Emissions
TETCEUS,200706,481.395,Total Energy CO2 Emissions
TETCEUS,200707,505.508,Total Energy CO2 Emissions
TETCEUS,200708,528.372,Total Energy CO2 Emissions
TETCEUS,200709,475.942,Total Energy CO2 Emissions
TETCEUS,200710,477.378,Total Energy CO2 Emissions
TETCEUS,200711,481.783,Total Energy CO2 Emissions
TETCEUS,200712,539.876,Total Energy CO2 Emissions
TETCEUS,200801,554.845,Total Energy CO2 Emissions
TETCEUS,200802,511.062,Total Energy CO2 Emissions
TETCEUS,200803,505.418,Total Energy CO2 Emissions
TETCEUS,200804,462.002,Total Energy CO2 Emissions
TETCEUS,200805,460.449,Total Energy CO2 Emissions
TETCEUS,200806,467.841,Total Energy CO2 Emissions
TETCEUS,200807,494.487,Total Energy CO2 Emissions
TETCEUS,200808,484.778,Total Energy CO2 Emissions
TETCEUS,200809,436.549,Total Energy CO2 Emissions
TETCEUS,200810,461.35,Total Energy CO2 Emissions
TETCEUS,200811,461.709,Total Energy CO2 Emissions
TETCEUS,200812,516.08,Total Energy CO2 Emissions
TETCEUS,200901,532.421,Total Energy CO2 Emissions
TETCEUS,200902,455.59,Total Energy CO2 Emissions
TETCEUS,200903,459.99,Total Energy CO2 Emissions
TETCEUS,200904,417.775,Total Energy CO2 Emissions
TETCEUS,200905,411.242,Total Energy CO2 Emissions
TETCEUS,200906,427.586,Total Energy CO2 Emissions
TETCEUS,200907,446.361,Total Energy CO2 Emissions
TETCEUS,200908,457.824,Total Energy CO2 Emissions
TETCEUS,200909,416.457,Total Energy CO2 Emissions
TETCEUS,200910,431.286,Total Energy CO2 Emissions
TETCEUS,200911,426.371,Total Energy CO2 Emissions
TETCEUS,200912,509.121,Total Energy CO2 Emissions
TETCEUS,201001,523.486,Total Energy CO2 Emissions
TETCEUS,201002,470.7,Total Energy CO2 Emissions
TETCEUS,201003,468.248,Total Energy CO2 Emissions
TETCEUS,201004,419.748,Total Energy CO2 Emissions
TETCEUS,201005,434.845,Total Energy CO2 Emissions
TETCEUS,201006,456.585,Total Energy CO2 Emissions
TETCEUS,201007,483.733,Total Energy CO2 Emissions
TETCEUS,201008,489.816,Total Energy CO2 Emissions
TETCEUS,201009,441.021,Total Energy CO2 Emissions
TETCEUS,201010,426.412,Total Energy CO2 Emissions
TETCEUS,201011,443.281,Total Energy CO2 Emissions
TETCEUS,201012,526.7,Total Energy CO2 Emissions
TETCEUS,201101,528.587,Total Energy CO2 Emissions
TETCEUS,201102,453.845,Total Energy CO2 Emissions
TETCEUS,201103,463.802,Total Energy CO2 Emissions
TETCEUS,201104,417.827,Total Energy CO2 Emissions
TETCEUS,201105,424.842,Total Energy CO2 Emissions
TETCEUS,201106,444.399,Total Energy CO2 Emissions
TETCEUS,201107,475.396,Total Energy CO2 Emissions
TETCEUS,201108,479.415,Total Energy CO2 Emissions
TETCEUS,201109,427.613,Total Energy CO2 Emissions
TETCEUS,201110,424.121,Total Energy CO2 Emissions
TETCEUS,201111,431.708,Total Energy CO2 Emissions
TETCEUS,201112,474.33,Total Energy CO2 Emissions
TETCEUS,201201,476.671,Total Energy CO2 Emissions
TETCEUS,201202,439.537,Total Energy CO2 Emissions
TETCEUS,201203,416.826,Total Energy CO2 Emissions
TETCEUS,201204,390.199,Total Energy CO2 Emissions
TETCEUS,201205,414.059,Total Energy CO2 Emissions
TETCEUS,201206,426.883,Total Energy CO2 Emissions
TETCEUS,201207,466.927,Total Energy CO2 Emissions
TETCEUS,201208,463.196,Total Energy CO2 Emissions
TETCEUS,201209,410.833,Total Energy CO2 Emissions
TETCEUS,201210,422.288,Total Energy CO2 Emissions
TETCEUS,201211,438.05,Total Energy CO2 Emissions
TETCEUS,201212,463.494,Total Energy CO2 Emissions
TETCEUS,201301,493.996,Total Energy CO2 Emissions
TETCEUS,201302,441.896,Total Energy CO2 Emissions
TETCEUS,201303,463.707,Total Energy CO2 Emissions
TETCEUS,201304,409.192,Total Energy CO2 Emissions
TETCEUS,201305,413.849,Total Energy CO2 Emissions
TETCEUS,201306,424.084,Total Energy CO2 Emissions
TETCEUS,201307,459.146,Total Energy CO2 Emissions
TETCEUS,201308,456.023,Total Energy CO2 Emissions
TETCEUS,201309,424.648,Total Energy CO2 Emissions
TETCEUS,201310,424.537,Total Energy CO2 Emissions
TETCEUS,201311,445.965,Total Energy CO2 Emissions
TETCEUS,201312,498.991,Total Energy CO2 Emissions
TETCEUS,201401,532.906,Total Energy CO2 Emissions
TETCEUS,201402,473.39,Total Energy CO2 Emissions
TETCEUS,201403,469.453,Total Energy CO2 Emissions
TETCEUS,201404,409.914,Total Energy CO2 Emissions
TETCEUS,201405,415.979,Total Energy CO2 Emissions
TETCEUS,201406,426.162,Total Energy CO2 Emissions
TETCEUS,201407,456.796,Total Energy CO2 Emissions
TETCEUS,201408,457.388,Total Energy CO2 Emissions
TETCEUS,201409,422.056,Total Energy CO2 Emissions
TETCEUS,201410,425.368,Total Energy CO2 Emissions
TETCEUS,201411,447.081,Total Energy CO2 Emissions
TETCEUS,201412,476.744,Total Energy CO2 Emissions
TETCEUS,201501,506.656,Total Energy CO2 Emissions
TETCEUS,201502,472.128,Total Energy CO2 Emissions
TETCEUS,201503,455.827,Total Energy CO2 Emissions
TETCEUS,201504,395.961,Total Energy CO2 Emissions
TETCEUS,201505,409.609,Total Energy CO2 Emissions
TETCEUS,201506,431.091,Total Energy CO2 Emissions
TETCEUS,201507,463.752,Total Energy CO2 Emissions
TETCEUS,201508,454.891,Total Energy CO2 Emissions
TETCEUS,201509,418.555,Total Energy CO2 Emissions
TETCEUS,201510,409.788,Total Energy CO2 Emissions
TETCEUS,201511,406.268,Total Energy CO2 Emissions
TETCEUS,201512,438.316,Total Energy CO2 Emissions
TETCEUS,201601,483.092,Total Energy CO2 Emissions
TETCEUS,201602,433.756,Total Energy CO2 Emissions
TETCEUS,201603,410.082,Total Energy CO2 Emissions
TETCEUS,201604,382.777,Total Energy CO2 Emissions
TETCEUS,201605,390.22,Total Energy CO2 Emissions
TETCEUS,201606,424.854,Total Energy CO2 Emissions
TETCEUS,201607,459.208,Total Energy CO2 Emissions
TETCEUS,201608,466.718,Total Energy CO2 Emissions
TETCEUS,201609,418.348,Total Energy CO2 Emissions
TETCEUS,201610,409.037,Total Energy CO2 Emissions
TETCEUS,201611,406.094,Total Energy CO2 Emissions
TETCEUS,201612,486.324,Total Energy CO2 Emissions
TETCEUS,201701,477.371,Total Energy CO2 Emissions
TETCEUS,201702,396.656,Total Energy CO2 Emissions
TETCEUS,201703,435.599,Total Energy CO2 Emissions
TETCEUS,201704,383.33,Total Energy CO2 Emissions
TETCEUS,201705,404.22,Total Energy CO2 Emissions
TETCEUS,201706,415.646,Total Energy CO2 Emissions
TETCEUS,201707,451.243,Total Energy CO2 Emissions
TETCEUS,201708,444.151,Total Energy CO2 Emissions
TETCEUS,201709,402.691,Total Energy CO2 Emissions
TETCEUS,201710,407.717,Total Energy CO2 Emissions
TETCEUS,201711,425.783,Total Energy CO2 Emissions
TETCEUS,201712,486.169,Total Energy CO2 Emissions
TETCEUS,201801,512.76,Total Energy CO2 Emissions
TETCEUS,201802,415.379,Total Energy CO2 Emissions
TETCEUS,201803,447.494,Total Energy CO2 Emissions
TETCEUS,201804,403.548,Total Energy CO2 Emissions
TETCEUS,201805,407.095,Total Energy CO2 Emissions
TETCEUS,201806,420.973,Total Energy CO2 Emissions
TETCEUS,201807,454.267,Total Energy CO2 Emissions
TETCEUS,201808,459.615,Total Energy CO2 Emissions
TETCEUS,201809,414.697,Total Energy CO2 Emissions
TETCEUS,201810,426.469,Total Energy CO2 Emissions
TETCEUS,201811,448.639,Total Energy CO2 Emissions
TETCEUS,201812,473.473,Total Energy CO2 Emissions
TETCEUS,201901,499.332,Total Energy CO2 Emissions
TETCEUS,201902,432.429,Total Energy CO2 Emissions
TETCEUS,201903,448.327,Total Energy CO2 Emissions
TETCEUS,201904,383.076,Total Energy CO2 Emissions
TETCEUS,201905,398.985,Total Energy CO2 Emissions
TETCEUS,201906,402.018,Total Energy CO2 Emissions
TETCEUS,201907,442.524,Total Energy CO2 Emissions
TETCEUS,201908,443.856,Total Energy CO2 Emissions
TETCEUS,201909,403.675,Total Energy CO2 Emissions
TETCEUS,201910,404.499,Total Energy CO2 Emissions
TETCEUS,201911,432.499,Total Energy CO2 Emissions
TETCEUS,201912,455.05,Total Energy CO2 Emissions
TETCEUS,202001,449.335,Total Energy CO2 Emissions
TETCEUS,202002,414.846,Total Energy CO2 Emissions
TETCEUS,202003,385.464,Total Energy CO2 Emissions
TETCEUS,202004,305.588,Total Energy CO2 Emissions
TETCEUS,202005,319.139,Total Energy CO2 Emissions
TETCEUS,202006,348.766,Total Energy CO2 Emissions
TETCEUS,202007,406.645,Total Energy CO2 Emissions
TETCEUS,202008,407.292,Total Energy CO2 Emissions
